Date,wti_crude,retail_gas,oil_to_gas_ratio,wti_pct_change_mom,wti_pct_change_yoy,gas_pct_change_yoy,z_score,is_anomaly_spike,is_anomaly_drop,key_event_tag
2000-01-01,27.297000000000004,1.2836190476190477,21.265655141712422,,,,,False,False,None
2000-02-01,29.372857142857146,1.3590952380952381,21.612066851196527,7.604708000355864,,,,False,False,None
2000-03-01,29.84173913043478,1.5038260869565219,19.843876488955704,1.5963104484429058,,,,False,False,None
2000-04-01,25.850952380952382,1.4668095238095238,17.623932733824628,-13.37317081970033,,,,False,False,None
2000-05-01,28.830434782608698,1.4821739130434781,19.451452038721037,11.525619473314542,,,,False,False,None
2000-06-01,31.82227272727273,1.6247727272727273,19.585676318366207,10.377359783934947,,,,False,False,None
2000-07-01,30.070909090909087,1.5704090909090909,19.14845581637674,-5.503578111385698,,,,False,False,None
2000-08-01,31.26391304347826,1.4649130434782607,21.341821743388838,3.9673025812506646,,,,False,False,None
2000-09-01,33.86190476190476,1.5469523809523809,21.88942929261836,8.309873798630107,,,,False,False,None
2000-10-01,33.01130434782608,1.5312173913043476,21.558861945596004,-2.5119685973354233,,,,False,False,None
2000-11-01,34.49181818181818,1.5213636363636363,22.67164625037347,4.484869238708522,,,,False,False,None
2000-12-01,28.328095238095237,1.4459523809523809,19.591305779680553,-17.87010157374671,,,,False,False,None
2001-01-01,29.48217391304348,1.4460869565217391,20.38755261575466,4.07397202405706,8.005179737859368,12.657019168112926,0.325733564488481,False,False,None
2001-02-01,29.589999999999996,1.45265,20.369669225209098,0.36573316226458097,0.7392636544914843,6.883606040433055,-0.009721083465840514,False,False,None
2001-03-01,27.244545454545456,1.4112272727272728,19.305568976068542,-7.9265107991028705,-8.703224917747898,-6.157548072374031,-0.8127632549160114,False,False,None
2001-04-01,27.496363636363636,1.5313636363636363,17.95547640249332,0.9242884313790833,6.364992790840596,4.400988097381298,0.008693797816411561,False,False,None
2001-05-01,28.605217391304347,1.6884782608695652,16.94141882322647,4.032728725896928,-0.7811793093047914,13.919037841009096,0.4896158269896029,False,False,None
2001-06-01,27.59904761904762,1.6204285714285716,17.03194334244321,-3.5174344543264735,-13.271286888964617,-0.2673700617468855,-0.362672595859611,False,False,None
2001-07-01,26.41608695652174,1.4304782608695654,18.46661195708337,-4.286237260264924,-12.154012781383638,-8.910469943759757,-0.48898523253709675,False,False,None
2001-08-01,27.37391304347826,1.4159565217391303,19.332453096692973,3.625919647118847,-12.442460400239197,-3.3419404624105864,0.6361034747596287,False,False,None
2001-09-01,26.222,1.5215,17.234308248439042,-4.208068614993643,-22.561946280410627,-1.6453241396293672,-0.3564903485040981,False,False,None
2001-10-01,22.169565217391302,1.3223913043478261,16.76475423310866,-15.454331411062084,-32.84250454389801,-13.637912431143151,-1.6483381751551844,False,False,None
2001-11-01,19.52090909090909,1.1763636363636363,16.594281298299844,-11.947262386564205,-43.40423288790491,-22.67702420077682,-1.0022495601295507,False,False,None
2001-12-01,19.38047619047619,1.0840952380952382,17.87709742598612,-0.7193973384072461,-31.585671300576568,-25.025522805862,0.3486661179532664,False,False,None
2002-01-01,19.651739130434784,1.1055652173913044,17.775287085103034,1.3996711808964557,-33.343656446784344,-23.54780517137702,0.7465384293644324,False,False,None
2002-02-01,20.761,1.113,18.653189577717878,5.644593906944828,-29.83778303480905,-23.38140639520876,1.2772676469081694,False,False,None
2002-03-01,24.610952380952384,1.242904761904762,19.801157043791427,18.544156740775406,-9.66649664971263,-11.927385055223494,2.1847304788586523,True,False,None
2002-04-01,26.179090909090913,1.3975454545454544,18.732192805568207,6.371710057641611,-4.790716127752415,-8.738498070644107,0.7178871264776744,False,False,None
2002-05-01,27.02608695652174,1.391913043478261,19.416505278940463,3.2353913677602097,-5.520428015564194,-17.564053044933694,0.37558754353896046,False,False,None
2002-06-01,25.5185,1.38225,18.46156628685115,-5.578265765765778,-7.538476137892969,-14.698492462311563,-0.5888285119946574,False,False,None
2002-07-01,26.953478260869563,1.3961304347826087,19.305845348945844,5.623286089972224,2.034333492437068,-2.4011428224066322,0.5611703832884746,False,False,None
2002-08-01,28.385,1.3967727272727273,20.321845813401023,5.311083509428505,3.6936149936467544,-1.3548293448192084,0.507509705163465,False,False,None
2002-09-01,29.63047619047619,1.397047619047619,21.209353057468128,4.387797042368113,12.998536307208418,-8.179584683035223,0.33060475355502694,False,False,None
2002-10-01,28.836521739130436,1.439695652173913,20.029595627095098,-2.6795197155857653,30.072563247695648,8.870623047838233,-0.6873752679050753,False,False,None
2002-11-01,26.401428571428568,1.420190476190476,18.59006169527897,-8.444476035393366,35.24692138299923,20.727165673069848,-1.618934164001406,False,False,None
2002-12-01,29.58227272727273,1.3782727272727273,21.463293977969794,12.048000157409856,52.63955558434539,27.135760663828833,1.1257646445494984,False,False,None
2003-01-01,32.91217391304348,1.4553478260869566,22.614644638962748,11.256407567025173,67.4771565742605,31.638351423627498,0.8747818848657446,False,False,None
2003-02-01,35.8675,1.613,22.236515809051458,8.979431424872498,72.76383603872647,44.92362982929021,0.5297578401423606,False,False,None
2003-03-01,33.513333333333335,1.7013809523809524,19.697724537490554,-6.563509212146556,36.172435810614715,36.887475575648445,-1.341418394018313,False,False,US Invades Iraq / Gulf Supply Shock
2003-04-01,28.25818181818182,1.602818181818182,17.63031024899325,-15.680778342405555,7.9417994930027325,14.688089507578228,-1.9206740386934416,False,False,None
2003-05-01,28.182727272727274,1.502681818181818,18.75495326537403,-0.2670184017501076,4.279718029718027,7.958024046297907,-0.11163307140978772,False,False,None
2003-06-01,30.66238095238095,1.4939047619047618,20.52499043733265,8.798487299180824,20.15745812795011,8.077754523766467,0.7928818908473028,False,False,None
2003-07-01,30.738695652173913,1.507913043478261,20.384925898160425,0.24888706428727314,14.04352104269837,8.006602098969218,-0.13908666966738423,False,False,None
2003-08-01,31.573809523809523,1.6152857142857142,19.546888358244157,2.716816227615526,11.234136071197899,15.644133275686523,0.17331370339837265,False,False,None
2003-09-01,28.468181818181815,1.6907727272727273,16.837379358550418,-9.836088050400704,-3.9226314313097643,21.02470268159817,-1.091765763351266,False,False,None
2003-10-01,30.338260869565215,1.5670869565217391,19.359653746913406,6.569014710272203,5.2077679271455235,8.848488509044783,0.6255277144554474,False,False,None
2003-11-01,31.0305,1.512,20.52281746031746,2.281736363896947,17.5334126941183,6.464592274678127,0.06527109167104113,False,False,None
2003-12-01,32.203913043478266,1.4788695652173913,21.776033398012586,3.781482874843345,8.86220048194124,7.2987614101398535,0.3389739627878374,False,False,None
2004-01-01,34.184999999999995,1.5632272727272727,21.868221336977694,6.151696391202766,3.8673412771803584,7.412622928113022,0.7238338027902553,False,False,None
2004-02-01,34.676,1.6475000000000002,21.047647951441576,1.4363024718443862,-3.321948839478628,2.1388716676999486,0.20316160285503393,False,False,None
2004-03-01,36.74130434782609,1.7340869565217392,21.187694313509176,5.956005155802524,9.631900779270186,1.9223210472068208,0.6969610214782522,False,False,None
2004-04-01,36.76772727272727,1.7941363636363639,20.493273542600893,0.07191613191257495,30.113563247973207,11.936362089501461,-0.4682895430076613,False,False,None
2004-05-01,40.25714285714285,1.9705238095238096,20.42966578864696,9.490430448780774,42.843318418299845,31.13380262416836,1.2338637234166054,False,False,None
2004-06-01,38.04454545454546,1.9885,19.132283356573023,-5.496161042647896,24.07564015863315,33.10754813209231,-1.3866600333826355,False,False,None
2004-07-01,40.66863636363637,1.9121363636363637,21.268690422421376,6.897416903629727,32.30436588404877,26.806805731031535,0.7966245912241474,False,False,None
2004-08-01,44.90318181818182,1.8796363636363635,23.88929193267557,10.41231236937108,42.216547497446385,16.36556598084855,1.2169148131807583,False,False,None
2004-09-01,45.845,1.8670909090909091,24.554240919271592,2.097441971109548,61.03943796902445,10.42826034357609,-0.4632876319919334,False,False,None
2004-10-01,53.28047619047619,1.9955714285714288,26.69935810246498,16.21872873917809,75.62139247054265,27.342737444560285,2.011991705062495,True,False,None
2004-11-01,48.53,1.9840909090909091,24.459564719358532,-8.915979229414873,56.394515073878935,31.222943722943718,-1.8796348052061205,False,False,None
2004-12-01,43.11695652173913,1.8545652173913043,23.249091548470282,-11.154014997446682,33.88732128150775,25.40424531075438,-1.7069043021857364,False,False,None
2005-01-01,46.750454545454545,1.814409090909091,25.76621489590901,8.427074443168191,36.75721674844099,16.068157366752935,0.6622250105043993,False,False,None
2005-02-01,48.164,1.9065999999999999,25.26172243784748,3.0235972426130964,38.89721997923636,15.72685887708647,-0.007529774757927902,False,False,None
2005-03-01,53.99173913043478,2.0497391304347827,26.340785677922955,12.099782265664771,46.951067984142945,18.202788085447796,0.9854052135658791,False,False,None
2005-04-01,52.97904761904762,2.238238095238095,23.669978512009873,-1.8756415846147734,44.091167849651704,24.752953042076676,-0.6091925923575346,False,False,None
2005-05-01,49.91636363636364,2.1699545454545452,23.003414399128598,-5.780934388829683,23.993806052003386,10.120696586707556,-0.8958463258647252,False,False,None
2005-06-01,56.35227272727273,2.1448181818181817,26.273682872038318,12.893385299045669,48.1218189204043,7.861110476146926,1.0207408426647933,False,False,None
2005-07-01,59.00095238095238,2.2864285714285715,25.804852650213473,4.700217977894927,45.07728229045749,19.57455623512152,0.13255931719874942,False,False,None
2005-08-01,64.98521739130435,2.4754347826086955,26.252041802054976,10.142658328145737,44.72296786102377,31.697536315997542,0.7438569701892408,False,False,Hurricane Katrina Damages Gulf Coast Refineries
2005-09-01,65.64681818181818,2.876590909090909,22.821047641621234,1.0180789063611861,43.19297236736433,54.06806894536955,-0.26567600224100113,False,False,None
2005-10-01,62.43954545454546,2.7637727272727273,22.592141835106823,-4.885648407802067,17.19029167705981,38.49530453797043,-0.7897901019028251,False,False,None
2005-11-01,58.325,2.306681818181818,25.285238536268157,-6.589646712820407,20.183391716464037,16.258877434135165,-1.050800542294059,False,False,None
2005-12-01,59.35136363636364,2.182181818181818,27.198175304115985,1.759731909753337,37.65202468880031,17.665412772668642,-0.16674220425352287,False,False,None
2006-01-01,65.02956521739131,2.3050434782608695,28.211860570393846,9.567095401239833,39.09932181336193,27.041001382215903,0.9379806585093451,False,False,None
2006-02-01,61.5375,2.2954499999999998,26.808468927661245,-5.3699655006418485,27.766589153724762,20.394943879156614,-1.0372569779494032,False,False,None
2006-03-01,62.68521739130435,2.4024782608695654,26.091897859094775,1.8650699025867912,16.101497008399047,17.20897675207873,0.06113510429271108,False,False,None
2006-04-01,69.29571428571428,2.7303809523809526,25.37950399386096,10.545543542020063,30.798338965988336,21.987958215433068,1.1324436354066396,False,False,None
2006-05-01,70.86608695652174,2.9102608695652172,24.350424285885026,2.2661901778407767,41.969650419199226,34.116213432277156,-0.1347892921661426,False,False,None
2006-06-01,70.9509090909091,2.882909090909091,24.61087285570131,0.11969354881891103,25.90602944141964,34.41274954435638,-0.33433871300173507,False,False,None
2006-07-01,74.3468181818182,2.971272727272727,25.021876147350394,4.786279886220957,26.009522188357103,29.952571639544434,0.4540734006058612,False,False,None
2006-08-01,73.04304347826087,2.9654782608695656,24.631117496994396,-1.7536388717656837,12.399475465992271,19.796258891718654,-0.5287537905275653,False,False,None
2006-09-01,64.05714285714286,2.5688095238095237,24.9365094077301,-12.302199077715592,-2.4215573103215426,-10.699518805705111,-1.8472671046192888,False,False,None
2006-10-01,59.06739130434782,2.2538695652173915,26.207102760469912,-7.789531862079679,-5.400670561659493,-18.449533025043806,-1.0936164226644258,False,False,None
2006-11-01,58.91863636363637,2.2269545454545456,26.457044883963015,-0.2518393608158309,1.017807738767873,-3.4563619524306755,-0.0815187922552035,False,False,None
2006-12-01,61.951904761904764,2.3095714285714286,26.823983010659575,5.148232521111917,4.3816029931076805,5.8377175232699585,0.6785723368946143,False,False,None
2007-01-01,54.71478260869566,2.246304347826087,24.357688957708316,-11.681839615784229,-15.861681643132219,-2.5482873094914704,-1.506459906047521,False,False,None
2007-02-01,59.284000000000006,2.25595,26.278951217890473,8.35097422205271,-3.6619947186674717,-1.7207954867237252,1.147643970985883,False,False,None
2007-03-01,60.441818181818185,2.546409090909091,23.736098962888917,1.953002803147852,-3.578832941556276,5.990931630217156,0.27338782848068144,False,False,None
2007-04-01,64.07909090909091,2.8114090909090907,22.79251750173805,6.017808260385649,-7.528060617305465,2.9676495676355996,0.9431923184896529,False,False,None
2007-05-01,63.503913043478256,3.1128260869565216,20.40072630770305,-0.8976061574104688,-10.388853440659673,6.960380064539273,-0.03035947639975832,False,False,None
2007-06-01,67.48904761904762,3.0632857142857146,22.031587619891496,6.275415772947612,-4.87923483464574,6.256757243765332,0.9122521994241529,False,False,None
2007-07-01,73.84130434782608,2.9769130434782607,24.80465612174853,9.412277921944835,-0.679940105514476,0.18982828986926492,1.2299792486941379,False,False,None
2007-08-01,72.35608695652174,2.797521739130435,25.864351988561303,-2.0113639709129383,-0.9404817885820815,-5.663724599008901,-0.29324543812136616,False,False,None
2007-09-01,79.618,2.80325,28.402033354142514,10.03635402207681,24.292149866190883,9.126425062563715,1.1656694907568945,False,False,None
2007-10-01,85.7986956521739,2.797,30.675257651831927,7.762937592220243,45.25560340068455,24.09768706958082,0.7048940620099053,False,False,None
2007-11-01,94.945,3.061090909090909,31.016720123544786,10.660190435650696,61.14595628794714,37.45637131835158,0.9874751457501223,False,False,None
2007-12-01,91.79714285714286,3.0118095238095237,30.479066531748042,-3.315453307553984,48.17485145927331,30.405558648275278,-1.0041724502557772,False,False,None
2008-01-01,92.99478260869566,3.0473913043478262,30.5161934655443,1.304659071379377,69.96281109945646,35.66244072389433,-0.6675968284655197,False,False,None
2008-02-01,95.3947619047619,3.025095238095238,31.53446566027044,2.580767682596674,60.91148017131418,34.09407292250442,-0.322201026756413,False,False,None
2008-03-01,105.31666666666668,3.235238095238095,32.55298793052694,10.400890535069829,74.24470314552438,27.05099533253259,1.083134177615588,False,False,None
2008-04-01,112.58045454545454,3.4142727272727273,32.97348030992891,6.897092462846532,75.6898435172443,21.443468981908143,0.3830398077284771,False,False,None
2008-05-01,125.67863636363636,3.7509545454545457,33.50577428775705,11.634507846913511,97.90691681879491,20.49997143020399,1.1043017112677525,False,False,None
2008-06-01,133.88,4.046428571428571,33.085966460723746,6.525662494168039,98.3729282352692,32.09438977754975,0.10424898497662599,False,False,None
2008-07-01,133.89000000000001,4.07195652173913,32.88099941273825,0.007469375560220648,81.32128242117354,36.78453022535746,-0.9852170598367064,False,False,WTI All-Time Peak ($147/bbl) / Peak Commodity Bubble
2008-08-01,116.66619047619047,3.786904761904762,30.807796290474688,-12.864149319448458,61.23894392781959,35.36641052454739,-2.3826370162797885,False,True,None
2008-09-01,104.6340909090909,3.7122272727272727,28.186337533213333,-10.31327029535185,31.42014482791693,32.42583689386509,-1.6000092611907009,False,False,None
2008-10-01,76.6086956521739,3.1270000000000002,24.499103182658747,-26.78419147471378,-10.71111854340544,11.798355380765102,-2.305162691796657,False,True,None
2008-11-01,57.153999999999996,2.147,26.620400558919425,-25.394892167990925,-39.80304386750224,-29.861606082204805,-1.7016945413228497,False,False,None
2008-12-01,40.76608695652174,1.6934347826086955,24.07301856273589,-28.67325654106144,-55.59111570611408,-43.77350993741682,-1.5602049734606036,False,False,Global Financial Crisis Demand Crash
2009-01-01,41.553636363636365,1.772318181818182,23.44592341822472,1.9318739322578882,-55.31616376965345,-41.84146357280899,0.4862564918354292,False,False,None
2009-02-01,39.0145,1.92275,20.290989468209595,-6.110503401955858,-59.10205212425561,-36.440017630298925,-0.003297459359084903,False,False,None
2009-03-01,47.939090909090915,1.9466818181818182,24.62605365773928,22.875061602970483,-54.48100246011307,-39.82879278507774,1.7054208229717784,False,False,None
2009-04-01,49.76454545454545,2.048590909090909,24.29208546894761,3.807862249445293,-55.796460712944686,-39.99920121415449,0.5617736072402277,False,False,None
2009-05-01,59.12952380952381,2.255190476190476,26.219303617052724,18.81857509083904,-52.95180985379291,-39.87689136560333,1.384537039323626,False,False,None
2009-06-01,69.64090909090909,2.6290454545454547,26.489047182696794,17.776881334688245,-47.98258956460331,-35.02800288855009,1.2001127356535861,False,False,None
2009-07-01,64.26217391304348,2.5415652173913044,25.284487477761054,-7.723528093012422,-52.003753892715295,-37.583684800597936,-0.18610570513308822,False,False,None
2009-08-01,71.04476190476191,2.617047619047619,27.14691218748863,10.554557337098958,-39.10424124180098,-30.892172272870177,0.7141723375377282,False,False,None
2009-09-01,69.34181818181818,2.5697272727272726,26.98411575335197,-2.3970010980212564,-33.729229566237315,-30.7766716869314,-0.03442929098877101,False,False,None
2009-10-01,75.71545454545455,2.5465,29.733145315316925,9.191619906654779,-1.1659787431637536,-18.56411896386313,0.4859151888181894,False,False,None
2009-11-01,77.95476190476191,2.6556666666666664,29.354121465330206,2.957530101021888,36.394236457224196,23.691973296072042,-0.044439175208953914,False,False,None
2009-12-01,74.57260869565218,2.6110434782608696,28.56046225064109,-4.338610145768573,82.92805187602654,54.186243549256744,-0.9690250243351595,False,False,None
2010-01-01,78.35904761904762,2.7098571428571425,28.9163020366563,5.077519734958935,88.57326211676558,52.89902065311773,-0.0780550328845692,False,False,None
2010-02-01,76.2735,2.644,28.847768532526473,-2.661527522880025,95.50039088031374,37.5113769340788,-0.8929004924747563,False,False,None
2010-03-01,81.20347826086957,2.7693043478260866,29.32269915533646,6.463553214248163,69.38885723732106,42.257677755093525,0.1992492459653785,False,False,None
2010-04-01,84.30363636363637,2.843681818181818,29.64594555713624,3.8177651612501196,69.40501634971963,38.81159999112471,-0.11659765352621132,False,False,None
2010-05-01,73.75571428571428,2.856809523809524,25.817512043071687,-12.511823371917853,24.735850272203063,26.677083553284486,-1.7303791869503744,False,False,None
2010-06-01,75.3359090909091,2.7285454545454546,27.610281868461385,2.1424710213956866,8.177664643300053,3.784643579591629,0.1817459208004759,False,False,None
2010-07-01,76.12590909090909,2.7313181818181818,27.871490622243673,1.0486367119386442,18.461459448787167,7.46598840464312,-0.08814126412286132,False,False,None
2010-08-01,76.59909090909092,2.7363181818181816,27.993488263924654,0.6215778883070566,7.818069700585095,4.5574471745365885,-0.028356820688112433,False,False,None
2010-09-01,75.2090909090909,2.702363636363636,27.830855143645294,-1.8146429461541436,8.461377104200519,5.161495737078559,-0.46351466526714674,False,False,None
2010-10-01,81.89285714285714,2.7954285714285714,29.295278004905967,8.886912676348203,8.15870767003597,9.775321870354258,1.4245092373300416,False,False,None
2010-11-01,84.20545454545454,2.859409090909091,29.44855103565581,2.823930539586894,8.018358966100326,7.671987859009333,0.3577760913752008,False,False,None
2010-12-01,89.2195652173913,2.9751304347826086,29.988455018413514,5.954615053149692,19.641201746765624,13.94411696140141,0.7682306964937309,False,False,None
2011-01-01,89.37818181818182,3.091727272727273,28.908818253991587,0.17778230638541004,14.062363612055506,14.09189155512105,-0.19405762624415873,False,False,None
2011-02-01,88.401,3.1546,28.02288721232486,-1.093311363358962,15.90001769946312,19.31164901664144,-0.45565688492054535,False,False,Arab Spring Disrupts North African Oil Production
2011-03-01,102.85652173913043,3.528739130434783,29.14823622183068,16.352215177577655,26.665167480510554,27.423305177881762,2.071434029678457,True,False,None
2011-04-01,109.63666666666666,3.7898095238095237,28.92933430502852,6.591847374279625,30.04974802481648,33.271222524910925,0.5996499144450154,False,False,None
2011-05-01,100.88590909090908,3.9215,25.72635702942983,-7.981597618580382,36.783854739848465,37.268514660043664,-1.7613638291629767,False,False,None
2011-06-01,96.26409090909091,3.7003636363636363,26.0147651336478,-4.581232625513055,27.7798224919904,35.61671220097287,-1.0524707048789352,False,False,None
2011-07-01,97.18476190476191,3.646619047619047,26.65064835006987,0.956401277959884,27.663187297644587,33.51132328316171,-0.19793002107422691,False,False,None
2011-08-01,86.33304347826088,3.640478260869565,23.714753197740386,-11.166069879489326,12.707660696289945,33.04294380160873,-1.6430470365355874,False,False,None
2011-09-01,85.55772727272728,3.612681818181818,23.68260798449905,-0.8980526740364758,13.759821104798764,33.68599878893899,-0.29647964876594246,False,False,None
2011-10-01,85.98636363636363,3.4500454545454544,24.923255293079144,0.5009908249082207,4.998612377591893,23.417406898089645,-0.018952705903491057,False,False,None
2011-11-01,97.11500000000001,3.4031363636363636,28.536911138121255,12.942327007453635,15.331008572107208,19.01537189819893,1.4368087333761017,False,False,None
2011-12-01,98.61545454545454,3.2695000000000003,30.162243323277117,1.5450286211754483,10.531198291730437,9.894341497632553,0.05511292540290543,False,False,None
2012-01-01,100.07913043478261,3.367,29.7235314626619,1.4842256683544663,11.972663125290772,8.903525537357758,0.033530070931268446,False,False,None
2012-02-01,102.2547619047619,3.5457142857142863,28.838973945742676,2.1739112445596787,15.671499083451446,12.398221191729109,0.0870578508811472,False,False,None
2012-03-01,106.15772727272729,3.8398636363636367,27.646223232359105,3.8169032867149344,3.209524761074012,8.816874652066442,0.5302880435478384,False,False,None
2012-04-01,103.30636363636364,3.914,26.394063269382634,-2.6859689912523077,-5.773892277799108,3.2769582589902813,-0.38743295435440955,False,False,None
2012-05-01,94.48,3.7519565217391304,25.181528477895593,-8.543872154315935,-6.349656903162426,-4.323434355753397,-1.326423553872704,False,False,None
2012-06-01,82.30333333333333,3.5449999999999995,23.216737188528445,-12.888089189952023,-14.502560034501055,-4.198604559748443,-1.6710558985689927,False,False,None
2012-07-01,87.76434782608695,3.4301304347826087,25.586300432230992,6.635228819513528,-9.69330365588248,-5.93669396252916,0.97567040258592,False,False,None
2012-08-01,94.13130434782609,3.6936521739130437,25.484615203521905,7.254604722131419,9.03276492450873,1.460629874240138,0.9136009367406231,False,False,None
2012-09-01,94.6115,3.8485,24.58399376380408,0.510133855576389,10.582063147157417,6.52751041155526,-0.08017994918998221,False,False,None
2012-10-01,89.4913043478261,3.76104347826087,23.794275409229634,-5.411811092915664,4.076158780576966,9.014316704311076,-0.8382700196737912,False,False,None
2012-11-01,86.55636363636364,3.4623181818181816,24.999540507542243,-3.2795820028002076,-10.872302284545498,1.739037518866282,-0.4142012527290049,False,False,None
2012-12-01,87.88,3.3127619047619046,26.527713891444343,1.5292190060076427,-10.886178636946076,1.3231963530174085,0.3836890899287632,False,False,None
2013-01-01,94.66652173913043,3.3132608695652173,28.572009710648906,7.722487186083793,-5.408329061351457,-1.596053769966821,1.2300545908602594,False,False,None
2013-02-01,95.341,3.64865,26.13048661833829,0.7124781268801783,-6.761310452418101,2.903102336825114,0.1700888354862773,False,False,None
2013-03-01,93.14333333333333,3.714714285714286,25.07415810996167,-2.3050593833363053,-12.259488097328031,-3.2592134122728322,-0.22245149674715664,False,False,None
2013-04-01,92.02136363636363,3.577045454545454,25.725522587203763,-1.2045625347704592,-10.923818826614584,-8.60895619454639,-0.06847485603526066,False,False,None
2013-05-01,94.4804347826087,3.6023913043478264,26.22714380544324,2.6722828798347864,0.00046018481021370405,-3.9863259748536883,0.4275377396730087,False,False,None
2013-06-01,95.77250000000001,3.626,26.412713734142308,1.367547916522871,16.365274796484574,2.284908321579704,0.004126650549318757,False,False,None
2013-07-01,104.55130434782608,3.586217391304348,29.153643781142776,9.166310107625964,19.12730731504324,4.550467088334842,1.6779630055297488,False,False,None
2013-08-01,106.57272727272726,3.5803181818181815,29.766272677644192,1.933426787461423,13.21709394244519,-3.068345008100659,0.19558220818282482,False,False,None
2013-09-01,106.37,3.552857142857143,29.939284278246884,-0.19022434530409082,12.4281931900456,-7.682028248482709,-0.29861074851073366,False,False,None
2013-10-01,100.53826086956522,3.3600434782608697,29.921714263531786,-5.48250364805376,12.344167516882854,-10.661934708221587,-1.558158002959874,False,False,None
2013-11-01,93.77761904761904,3.2451904761904764,28.897415956213585,-6.724446756361935,8.342835937046743,-6.271165566697978,-1.6231515664660066,False,False,None
2013-12-01,97.68181818181819,3.2689545454545454,29.881669146377074,4.163252569055564,11.15363926014814,-1.3223817638203461,0.6737180855077323,False,False,None
2014-01-01,94.74304347826087,3.3149130434782608,28.580853324239605,-3.008517611831596,0.08083294677427855,0.04986549439012222,-0.7170215343441301,False,False,None
2014-02-01,100.792,3.35625,30.031135940409683,6.384591733246436,5.7173723791443365,-8.013922957806308,1.2404401834087952,False,False,None
2014-03-01,100.80380952380953,3.5244761904761903,28.601075472207963,0.011716727329091903,8.224395580799705,-5.121203963645227,-0.16174652949322685,False,False,None
2014-04-01,102.17181818181817,3.6411363636363636,28.06042069783409,1.3571001576934583,11.030541326865784,1.7917275557532308,0.08450763327393106,False,False,None
2014-05-01,102.3059090909091,3.676409090909091,27.827672753798794,0.13124060183826725,8.282640026272258,2.054684799841988,-0.13820752801282407,False,False,None
2014-06-01,105.7942857142857,3.689238095238095,28.67645919921522,3.409750868131023,10.464157993459189,1.7440180705486918,0.5385554419462963,False,False,None
2014-07-01,103.63956521739131,3.6305217391304345,28.546741395415683,-2.0367078262748195,-0.8720495034682196,1.2354060836778258,-0.5266409004312455,False,False,None
2014-08-01,96.53619047619047,3.4890000000000003,27.668727565546135,-6.853921787785399,-9.417547109264246,-2.5505605139207854,-1.4326494449419929,False,False,None
2014-09-01,93.42318181818182,3.413318181818182,27.37019429241074,-3.2247063434478918,-12.171494013178707,-3.927513981796238,-0.516925041294158,False,False,None
2014-10-01,84.39695652173914,3.1944347826086954,26.419996733449484,-9.661654763599593,-16.054887172523536,-4.92876644970951,-1.7146227653322048,False,False,None
2014-11-01,75.685,2.91225,25.98849686668384,-10.32259560153108,-19.29310983938699,-10.25950490836257,-1.6363334274634718,False,False,OPEC Floods Market / US Shale Boom Price Crash
2014-12-01,59.13434782608695,2.5637826086956523,23.065273797208604,-21.86781023176726,-39.46227770247032,-21.571787767420293,-2.3883818206036755,False,True,None
2015-01-01,47.559999999999995,2.132409090909091,22.303412700104445,-19.572969435846154,-49.801063746793396,-35.672246513241745,-1.6325888316963915,False,False,None
2015-02-01,50.688,2.2162499999999996,22.87106598984772,6.5769554247266715,-49.71029446781491,-33.96648044692739,1.3297571775119992,False,False,None
2015-03-01,47.82363636363636,2.4657272727272725,19.39534712236847,-5.650969926538119,-52.55770928742473,-30.039894172355595,-0.0009151378023276119,False,False,None
2015-04-01,54.2109090909091,2.4615454545454543,22.02311925250213,13.355890963008044,-46.94142665207448,-32.396229948193,1.776446703851882,False,False,None
2015-05-01,59.24666666666667,2.711190476190476,21.852638974268906,9.289195957427765,-42.088714920640555,-26.25438548461261,1.2143957375596153,False,False,None
2015-06-01,59.819545454545455,2.801681818181818,21.35129873290394,0.9669384289616056,-43.456732988303685,-24.057983088754696,0.4712529350653921,False,False,None
2015-07-01,51.16304347826087,2.794478260869565,18.308621038383148,-14.471026000794884,-50.63367607636835,-23.028190941534344,-0.8427905108492963,False,False,None
2015-08-01,42.86761904761905,2.6602380952380953,16.114203884364095,-16.213704007203045,-55.594250367491085,-23.753565628028227,-0.8931125230587268,False,False,None
2015-09-01,45.50409090909091,2.3955,18.99565473140927,6.150264278832851,-51.292505753389996,-29.81902440973193,0.9350145158508592,False,False,None
2015-10-01,46.22363636363636,2.2929090909090912,20.15938466418206,1.5812764087144826,-45.230683346110965,-28.221759185936,0.47612753998574286,False,False,None
2015-11-01,42.385238095238094,2.1768571428571426,19.47084044275277,-8.303972967859997,-43.99783564082963,-25.251707687968317,-0.35683459908169934,False,False,None
2015-12-01,37.20739130434782,2.041391304347826,18.22648662463793,-12.216155962733621,-37.07989912432266,-20.375803415469672,-0.8187895543092645,False,False,None
2016-01-01,31.836190476190477,1.9525714285714284,16.304750756023804,-14.435843631772439,-33.060995634586874,-8.433544159249195,-1.1218743755716551,False,False,None
2016-02-01,30.275238095238095,1.7599047619047619,17.202770712700904,-4.903075266243873,-40.2713894901395,-20.590873687320375,-0.11691243832824266,False,False,None
2016-03-01,37.57217391304348,1.9322173913043479,19.445106995792173,24.101993169636216,-21.435974405300094,-21.637019119021396,1.9876050514096437,False,False,None
2016-04-01,40.7552380952381,2.1105238095238095,19.310484871731237,8.4718658802162,-24.82096541326485,-14.260213817033252,0.8227468783572878,False,False,None
2016-05-01,46.83272727272727,2.258545454545455,20.735791337948797,14.91216702816729,-20.952975234510074,-16.695434187310877,1.2516381066686828,False,False,None
2016-06-01,48.75727272727273,2.3635454545454544,20.62887034116697,4.109402903952186,-18.49273952721443,-15.638334117494368,0.38951166061047376,False,False,None
2016-07-01,44.85952380952381,2.2432857142857143,19.997240442378313,-7.994189788980311,-12.320454844355421,-19.72434548166192,-0.6098798229409038,False,False,None
2016-08-01,44.72434782608696,2.1724347826086956,20.587199295520957,-0.3013317395227144,4.331308385486454,-18.336829079418948,-0.10784132337116484,False,False,None
2016-09-01,45.14636363636364,2.220181818181818,20.334534436164116,0.9435929885835526,-0.7861431040166234,-7.318646704996123,0.03947510467216167,False,False,None
2016-10-01,49.68181818181818,2.2517727272727273,22.063424776438765,10.046112643724436,7.481414467214731,-1.7940686702085595,0.7595943704580371,False,False,None
2016-11-01,45.70909090909091,2.1928181818181818,20.844906927573486,-7.996340347666964,7.842005762440785,0.7332148098653013,-0.7938511984123736,False,False,None
2016-12-01,51.97227272727273,2.2451363636363637,23.14882675682789,13.702267303102623,39.68265687360775,9.980695952539541,0.912911384555167,False,False,None
2017-01-01,52.60608695652174,2.3541739130434784,22.34587965870055,1.2195237883380283,65.23989261800833,20.56787672888756,-0.35203120934997056,False,False,None
2017-02-01,53.4655,2.3013000000000003,23.2327380176422,1.6336760500520686,76.59811570039952,30.762757724985136,-0.3809370840385766,False,False,None
2017-03-01,49.32782608695652,2.3235652173913044,21.22937015830246,-7.738960475528101,31.288187372708755,20.25381967102451,-1.2826813713177803,False,False,None
2017-04-01,51.13714285714286,2.412380952380952,21.197789182787215,3.667943458519396,25.473792442689238,14.30247512465872,0.18919298609024626,False,False,None
2017-05-01,48.52434782608695,2.3901304347826087,20.30196641987885,-5.109387981168667,3.6120479243257453,5.826093956724732,-0.8066486826771441,False,False,None
2017-06-01,45.177727272727275,2.351909090909091,19.208959839202198,-6.896786259454924,-7.341562097962074,-0.49232662794722604,-0.9048361304342193,False,False,None
2017-07-01,46.54727272727273,2.289772727272727,20.32833746898263,3.0314616011509976,3.762297889998112,2.072273393040125,0.3690340151348125,False,False,None
2017-08-01,48.03695652173913,2.3745217391304347,20.230160764639102,3.2003675128179365,7.406723309937191,9.302325581395344,0.3491194528419724,False,False,None
2017-09-01,49.70285714285714,2.6335238095238096,18.873137566902937,3.4679562190083946,10.092714317357387,18.617483845556904,0.35523543865227,False,False,None
2017-10-01,51.58173913043478,2.510608695652174,20.545511221945134,3.780229338078711,3.824177572695797,11.494764335872398,0.5158477296531497,False,False,None
2017-11-01,56.695,2.554590909090909,22.19337734204018,9.912928404052668,24.034407319013518,16.498072219228057,1.2593633994259634,False,False,None
2017-12-01,57.89904761904762,2.4794285714285715,23.35177076131213,2.12372805194041,11.403724680034589,10.435544654968453,0.21518234240544315,False,False,None
2018-01-01,63.58043478260869,2.5500434782608696,24.933078719885422,9.812574467446012,20.86136502636493,8.320097514128456,1.414660854893929,False,False,None
2018-02-01,62.2125,2.59315,23.991091915238222,-2.151502718227505,16.360082670133067,12.68196236909571,-0.6149463960567899,False,False,None
2018-03-01,62.822272727272725,2.5873181818181816,24.28084538219638,0.9801450307779458,27.356661971131267,11.35121848324947,-0.23138371753921422,False,False,None
2018-04-01,66.19090909090909,2.735863636363636,24.193789562876937,5.362168889146157,29.438027611007822,13.409270358540004,0.5980489831921328,False,False,None
2018-05-01,69.88869565217392,2.8885652173913043,24.194951608290562,5.586547476158921,44.028098847732224,20.853873719826097,0.5183729834718365,False,False,None
2018-06-01,67.87333333333333,2.894142857142857,23.45196373628182,-2.8836742480797706,50.23627223122147,23.055047847286247,-1.6280131881538678,False,False,None
2018-07-01,71.25782608695653,2.8482608695652174,25.018012517172952,4.986483774123163,53.08700577253267,24.39054914230232,0.3302935655303857,False,False,None
2018-08-01,68.05565217391305,2.837086956521739,23.987862627005658,-4.493785579615972,41.67353034348555,19.48035302303439,-1.635656342179909,False,False,None
2018-09-01,70.2125,2.8355,24.76194674660554,3.169241285904123,41.264514830995644,7.669427166208598,0.03340629157354227,False,False,None
2018-10-01,70.74869565217391,2.8642608695652174,24.70050699778378,0.7636754882305974,37.158414673207574,14.08631199778332,-0.4310119327145383,False,False,None
2018-11-01,56.73136363636363,2.6621363636363635,21.31046493759284,-19.81284868448251,0.06413905346791537,4.209889503745479,-2.67314414562788,False,True,None
2018-12-01,48.919999999999995,2.384571428571429,20.515216870357055,-13.769039091732171,-15.508109352896682,-3.8257663056003643,-1.4975367685947152,False,False,None
2019-01-01,51.20173913043479,2.2505652173913044,22.75061337248614,4.66422553236876,-19.46934728348205,-11.74404528482038,0.7643731648411899,False,False,None
2019-02-01,54.986000000000004,2.30255,23.880480337017655,7.390883461838937,-11.615832831022699,-11.206447756589476,0.9586318896171323,False,False,None
2019-03-01,58.151428571428575,2.5100000000000002,23.16789982925441,5.756790040062154,-7.435013018585712,-2.9883522777182203,0.7006694275335419,False,False,None
2019-04-01,63.86954545454546,2.786318181818182,22.92255991125467,9.833149457529156,-3.507073204230171,1.844190798983214,1.0861560023522177,False,False,None
2019-05-01,60.721304347826084,2.8628695652173914,21.209944415757978,-4.929174122524338,-13.117130343900874,-0.889564549874311,-0.4670476790928092,False,False,None
2019-06-01,54.657500000000006,2.71575,20.1261161741692,-9.986288030130519,-19.471319123858155,-6.1639271434917875,-0.9294492207712841,False,False,None
2019-07-01,57.33217391304348,2.7421739130434784,20.907563025210084,4.8935167416063186,-19.54262842220229,-3.7246221950847147,0.6767020679224598,False,False,None
2019-08-01,54.80590909090909,2.6295454545454544,20.842350907519446,-4.406364960041486,-19.468982604332197,-7.315302814360325,-0.3278608326336777,False,False,None
2019-09-01,56.857619047619046,2.5827142857142857,22.01467632796799,3.7435925993065666,-19.02066007104285,-8.91503136257148,0.5452105256712586,False,False,None
2019-10-01,53.96304347826087,2.6309565217391304,20.51080777366473,-5.0909194191440355,-23.725740834060538,-8.145359604116697,-0.3519330387925214,False,False,None
2019-11-01,57.098571428571425,2.5976666666666666,21.980715293945114,5.810509838226063,0.6472747501038656,-2.421727821697084,0.7215204924289289,False,False,None
2019-12-01,59.878181818181815,2.5528181818181817,23.455717388981874,4.8680909523062255,22.400208132015177,7.055639064984853,0.478848783215134,False,False,None
2020-01-01,57.721304347826084,2.550782608695652,22.62886070771119,-3.6021091570632824,12.733093305254561,13.339644147363927,-0.7532726573195205,False,False,None
2020-02-01,50.617000000000004,2.442,20.727682227682227,-12.307941457829585,-7.945658894991448,6.056328852793635,-1.6667569682190464,False,False,None
2020-03-01,29.207727272727276,2.2654545454545456,12.892656500802568,-42.296605344593175,-49.772984103303955,-9.742846794639625,-2.7540491990225537,False,True,None
2020-04-01,16.836363636363636,1.8659999999999999,9.022702913378154,-42.35647478095772,-73.6394497306299,-33.02990260852543,-2.004441490096522,False,True,COVID-19 Global Lockdowns / WTI Futures Dip Negative
2020-05-01,28.79714285714286,1.8649047619047618,15.441615810841867,71.04134526380747,-52.57489415545824,-34.858898757996656,2.5756476830028743,True,False,None
2020-06-01,38.307272727272725,2.0696818181818184,18.50877385632398,33.02456051736733,-29.913968389932354,-23.789678056455177,1.0579014484995115,False,False,None
2020-07-01,40.70434782608696,2.1820434782608693,18.654233167951862,6.257493494460253,-29.002608748407454,-20.42651022673222,0.16675804839816186,False,False,None
2020-08-01,42.33904761904762,2.174857142857143,19.467507444386058,4.016032390311386,-22.747294367806425,-17.29151747129275,0.06935431570361633,False,False,None
2020-09-01,39.63681818181818,2.1911363636363634,18.089617259620372,-6.382357632470114,-30.287587053862055,-15.161488215860697,-0.24693689091759977,False,False,None
2020-10-01,39.39590909090909,2.159,18.247294622931495,-0.6077911950550852,-26.994649390411386,-17.938590692755163,-0.0683821761838418,False,False,None
2020-11-01,41.37952380952381,2.105952380952381,19.648841153193896,5.03507791643385,-27.529668826674005,-18.92907554398635,0.12082396560424186,False,False,None
2020-12-01,47.07521739130435,2.1800869565217393,21.593275098719634,13.764521815182484,-21.381685345345414,-14.600774467650247,0.38309796083679326,False,False,None
2021-01-01,51.84571428571429,2.329904761904762,22.252289077828646,10.133775601620766,-10.179239933154916,-8.659218783988665,0.22565443889392364,False,False,None
2021-02-01,59.069,2.501,23.618152738904442,13.932271575002764,16.697947329948427,2.4160524160524055,0.28129475482062866,False,False,None
2021-03-01,62.333043478260876,2.806782608695652,22.208005452630278,5.525814688349007,113.41285097681796,23.894898457673253,-0.15024695915329447,False,False,None
2021-04-01,61.70272727272727,2.857681818181818,21.59188153143839,-1.011207170966122,266.48488120950327,53.14479197115853,-0.6669221482063915,False,False,None
2021-05-01,65.22380952380952,2.977238095238095,21.907488564025464,5.706526124070654,126.49403049244303,59.64558384189158,-0.17455775999994871,False,False,None
2021-06-01,71.37818181818182,3.0545909090909094,23.36750941206232,9.435775584567295,86.33062793677915,47.58746403707201,0.6551178422696111,False,False,None
2021-07-01,72.61636363636363,3.1319090909090908,23.18597428231401,1.7346782821335838,78.39952613078012,43.53101219620439,-0.5509902696901093,False,False,None
2021-08-01,67.73045454545455,3.1603636363636367,21.431221953745254,-6.728385788327184,59.97160624601241,45.313619643624925,-1.559512879973327,False,False,None
2021-09-01,71.54136363636364,3.1700909090909093,22.567606320438188,5.6265813015495825,80.49219619041068,44.67793797323931,0.0671195683420841,False,False,None
2021-10-01,81.47666666666666,3.285,24.802638254693047,13.88749462591039,106.8150438631914,52.1537748957851,1.1767538273377187,False,False,None
2021-11-01,79.07227272727272,3.396818181818182,23.278335340559345,-2.9510214859803763,91.09033997407587,61.29605837915617,-1.2619266788688694,False,False,None
2021-12-01,71.80652173913043,3.316086956521739,21.65399239543726,-9.188746873638632,52.535719893232844,52.10801324239158,-1.709982166555313,False,False,None
2022-01-01,82.89045454545455,3.3030909090909093,25.09481477404084,15.435830253123095,59.87908680099796,41.7693531125513,1.3677740539515217,False,False,None
2022-02-01,91.622,3.46925,26.409742739785255,10.533837101541454,55.1101254465117,38.71451419432228,0.8332314497463658,False,False,Russia-Ukraine War Escalation / Global Energy Crisis
2022-03-01,108.50260869565217,4.114608695652174,26.370091719852912,18.424187090057153,74.06916563201872,46.59520416382674,1.5026124049377974,False,False,None
2022-04-01,102.01857142857142,4.114333333333333,24.79589356604669,-5.975927533012926,65.33883660870828,43.97450783905155,-1.1439798372802137,False,False,None
2022-05-01,109.79818181818182,4.4190000000000005,24.846839062725007,7.625680580184668,68.34064526405916,48.426153993794216,0.30038116737986376,False,False,None
2022-06-01,114.59727272727272,4.89,23.435025097601784,4.370829124509434,60.549442151918086,60.08690346869836,-0.0031186454287595125,False,False,None
2022-07-01,102.03238095238095,4.574142857142857,22.306338944584983,-10.964389881070435,40.5087997291107,46.04966888790292,-1.3986274517123065,False,False,None
2022-08-01,93.66521739130435,3.9878695652173914,23.48753284416873,-8.200498197706075,38.291139517519014,26.18388337760702,-1.1013814889856515,False,False,None
2022-09-01,84.39590909090909,3.711772727272727,22.737359017377145,-9.896211804720378,17.967990545838063,17.087264489117015,-1.0756429255609188,False,False,None
2022-10-01,87.20727272727272,3.8237727272727273,22.80660461467137,3.3311610321482554,7.033432140824858,16.400996264009947,0.22086375731007757,False,False,None
2022-11-01,84.07772727272727,3.709090909090909,22.668014705882353,-3.588628971728791,6.330227237452513,9.19309514251303,-0.441607712250469,False,False,None
2022-12-01,76.57954545454545,3.2394545454545454,23.639641915024978,-8.9181547377697,6.647061575764912,-2.3109288770754577,-0.9597686143525672,False,False,None
2023-01-01,78.37739130434782,3.308869565217391,23.68705981288763,2.3476841487254596,-5.444611524758736,0.17494692957367164,0.2597330007031544,False,False,None
2023-02-01,76.8065,3.4107999999999996,22.51861733317697,-2.004265870814559,-16.170242954748858,-1.6848021906752386,-0.10136377898789305,False,False,None
2023-03-01,73.27782608695652,3.411565217391304,21.479239415797927,-4.594238655639138,-32.46445687541073,-17.086520985671417,-0.2512001284692321,False,False,None
2023-04-01,79.32666666666667,3.594333333333333,22.069924881758325,8.254667070134115,-22.24291562227232,-12.638742607145748,1.4648485404621525,False,False,None
2023-05-01,71.61173913043478,3.553391304347826,20.153068715740016,-9.725515845321308,-34.77875685681311,-19.588338892332523,-0.9823516579839704,False,False,None
2023-06-01,70.3190909090909,3.5709999999999997,19.6917084595606,-1.8050786603428626,-38.63807642574392,-26.973415132924337,0.3285902153063518,False,False,None
2023-07-01,75.53454545454545,3.566727272727273,21.177550084110717,7.416840118421231,-25.970025643331972,-22.024139076514228,1.5033276283901202,False,False,None
2023-08-01,81.38608695652174,3.826521739130435,21.268946710601064,7.746841483937406,-13.109594763960452,-4.045965482277769,1.287565689116324,False,False,None
2023-09-01,89.23904761904762,3.834904761904762,23.27021221114326,9.649021050392935,5.738593944075698,3.3173376626027373,1.327259550089341,False,False,None
2023-10-01,85.74043478260869,3.6407826086956523,23.550001194200956,-3.92049548912059,-1.682013321585396,-4.785590871337986,-0.5848705777761223,False,False,None
2023-11-01,77.58363636363636,3.342772727272727,23.20936620388627,-9.513362557180349,-7.723913478329036,-9.876225490196077,-1.2434345396562367,False,False,None
2023-12-01,71.96619047619048,3.1389523809523814,22.92681816802694,-7.240503475651461,-6.0242652929995195,-3.102440953931085,-0.9733902024859711,False,False,None
2024-01-01,74.00130434782609,3.073695652173913,24.075677204894266,2.827874948179887,-5.583353673419566,-7.107379375591294,0.42845926909680754,False,False,None
2024-02-01,77.36333333333334,3.198619047619048,24.186479284214915,4.543202332900531,0.724982043620459,-6.22085588075969,0.5833756357148994,False,False,None
2024-03-01,81.40571428571428,3.417095238095238,23.82307445755933,5.225189735508984,11.09187953953854,0.1620962916301094,0.5684482895575558,False,False,None
2024-04-01,85.34727272727274,3.605727272727273,23.669919068149156,4.841869488085981,7.58963702068165,0.3169972937199228,0.5741057258820635,False,False,None
2024-05-01,79.95739130434782,3.609521739130435,22.15179657668726,-6.315235684388276,11.654028061952438,1.5796299921691626,-1.1330371263546901,False,False,None
2024-06-01,79.9125,3.4545000000000003,23.13287016934433,-0.05614403323509487,13.642680766893767,-3.262391486978422,-0.20320798577232138,False,False,None
2024-07-01,81.94782608695652,3.483782608695652,23.522657780773027,2.5469433279606157,8.490526544930898,-2.325511812070735,0.27015385259709507,False,False,None
2024-08-01,76.68318181818182,3.3978636363636365,22.568057469265447,-6.424385514739928,-5.778512414354453,-11.202291061966108,-0.9912583551991021,False,False,None
2024-09-01,70.44,3.2204285714285716,21.87286519096837,-8.141526825249112,-21.065943799959452,-16.023245129325858,-1.1196303041929732,False,False,None
2024-10-01,72.16434782608695,3.1460434782608693,22.938127945383435,2.4479668172727953,-15.833937617581883,-13.588812725405441,0.6476257751447129,False,False,None
2024-11-01,69.94142857142857,3.0548571428571427,22.89515525626637,-3.080356604920098,-9.850283062769282,-8.613076864800394,-0.45301740452468175,False,False,None
2024-12-01,70.15227272727272,3.019181818181818,23.235524374454247,0.3014581774360092,-2.5205137814233503,-3.8156221641764465,0.08587923074707143,False,False,None
2025-01-01,75.64521739130434,3.0664347826086957,24.66878402903811,7.830030946233579,2.2214649565518663,-0.23622604144564185,1.437489960645452,False,False,None
2025-02-01,71.509,3.12075,22.914043098614115,-5.467916590031264,-7.5673230212417675,-2.4344583227881245,-0.9340111350592428,False,False,None
2025-03-01,68.23904761904762,3.083904761904762,22.127482165467406,-4.572784378123562,-16.17413075015208,-9.750693292827373,-0.6366375539241605,False,False,None
2025-04-01,63.60636363636363,3.1730454545454547,20.045840675003937,-6.788904804982754,-25.473466692230684,-11.999848725512452,-0.9148075592648878,False,False,None
2025-05-01,62.20045454545455,3.1484545454545456,19.75586868016054,-2.2103277259279297,-22.207999122062038,-12.773636703098635,-0.05121907286354639,False,False,None
2025-06-01,68.53666666666666,3.1475714285714287,21.774459522836953,10.186761764870656,-14.235361593409458,-8.884891342555267,1.9188006715300132,False,False,None
2025-07-01,68.3795652173913,3.131652173913044,21.834980840784137,-0.2292224832576628,-16.55719439728354,-10.107704019868436,0.192958937400661,False,False,None
2025-08-01,64.86428571428571,3.132047619047619,20.709865750383898,-5.140833364368236,-15.41263132758246,-7.82303369891828,-0.6851472978541086,False,False,None
2025-09-01,63.97727272727273,3.172090909090909,20.16880176539707,-1.3674905647155455,-9.174797377523102,-1.5009698636545221,-0.1315720842253206,False,False,None
2025-10-01,60.84478260869565,3.067347826086957,19.83628400119066,-4.896254537029887,-15.685813782549484,-2.5014165480451434,-0.6812069870467459,False,False,None
2025-11-01,60.043499999999995,3.0495,19.689621249385144,-1.3169290353929886,-14.151739210359704,-0.1753647586980822,-0.033696590987935725,False,False,None
2025-12-01,58.00478260869565,2.9016521739130434,19.990260421349156,-3.395400653366887,-17.315889630265048,-3.8927647073455196,-0.3685438168295077,False,False,None
2026-01-01,59.88181818181818,2.808727272727273,21.31991196271362,3.2360013928250497,-20.838593308475595,-8.404141230819995,1.08144552931804,False,False,None
2026-02-01,64.4355,2.9074999999999998,22.161822871883064,7.604448155457733,-9.89176187612747,-6.833293278859265,1.590203998535171,False,False,None
2026-03-01,91.38363636363637,3.5895454545454544,25.458275294415603,41.821878255986775,33.91692814031651,16.39611893618873,2.928618216643195,True,False,None
2026-04-01,100.90363636363637,4.086227272727273,24.693593779547705,10.417620023477436,58.63764346048852,28.77934877591073,0.4516575483730848,False,False,None
2026-05-01,102.04904761904761,4.462285714285715,22.869232082639687,1.1351535947460079,64.06479400318965,41.72939929299471,-0.28821134766821443,False,False,None
2026-06-01,84.60454545454546,4.079409090909091,20.73941190234771,-17.09423318640174,23.44420814339594,29.604972706229905,-1.3881759872121193,False,False,None
2026-07-01,79.99,3.91904347826087,20.410592646830413,-5.454252404233606,16.97939252128464,25.142999944466027,-0.5290280990528735,False,False,None
2026-08-01,81.96,4.079,20.093160088256926,2.4628078509813633,26.35612817971589,30.234290666382858,-0.021198057214829764,False,False,None
