Date,wti_crude,retail_gas,real_gdp,gdp_growth_qoq,gdp_growth_yoy,oil_gdp_impact_ratio
1/1/2000,28.89265625,1.385923077,13878.147,,,
4/1/2000,28.87969697,1.524818182,14130.908,1.821287813,,
7/1/2000,31.69287879,1.526181818,14145.312,0.101932586,,
10/1/2000,32.01469697,1.50080303,14229.765,0.597038793,,
1/1/2001,28.758,1.436307692,14183.12,-0.327798808,2.197505186,-0.212084601
4/1/2001,27.91545455,1.614454545,14271.694,0.62450293,0.996298327,-3.351229748
7/1/2001,26.69106061,1.453,14214.516,-0.400639195,0.489236293,-32.25875074
10/1/2001,20.39924242,1.197893939,14253.574,0.274775448,0.167318294,-216.8419914
1/1/2002,21.625625,1.152953125,14372.785,0.836358656,1.337258657,-18.5464192
4/1/2002,26.27553846,1.390846154,14460.848,0.612706584,1.325378753,-4.432379293
7/1/2002,28.28242424,1.396636364,14519.633,0.40651143,2.146516983,2.777597225
10/1/2002,28.31030303,1.413015152,14537.58,0.123605053,1.992524822,19.46332041
1/1/2003,34.03296875,1.58534375,14614.141,0.526641986,1.679257012,34.16590872
4/1/2003,29.00938462,1.533738462,14743.567,0.885621673,1.955065152,5.321832625
7/1/2003,30.24757576,1.603030303,14988.782,1.663199957,3.231135388,2.150424762
10/1/2003,31.19818182,1.519651515,15162.76,1.160721398,4.300440651,2.372037138
1/1/2004,35.24061538,1.649615385,15248.68,0.566651454,4.341952086,0.817250159
4/1/2004,38.32723077,1.916907692,15366.85,0.774952324,4.227491217,7.59791281
7/1/2004,43.80560606,1.886287879,15512.619,0.948593889,3.494860356,12.82555596
10/1/2004,48.15515152,1.942606061,15670.88,1.020208129,3.351104944,16.21925608
1/1/2005,49.74769231,1.926046154,15844.727,1.109363354,3.908843257,10.5314501
4/1/2005,53.08415385,2.183507692,15922.782,0.492624455,3.61773558,10.64269339
7/1/2005,63.30166667,2.549015152,16047.587,0.783814035,3.448598847,12.90548987
10/1/2005,60.03863636,2.417545455,16136.734,0.55551654,2.972736694,8.301271523
1/1/2006,63.15439394,2.336090909,16353.835,1.345383768,3.213106796,8.387332188
4/1/2006,70.39469697,2.843909091,16396.151,0.258752763,2.972903856,10.96894682
7/1/2006,70.61848485,2.84119697,16420.738,0.149955926,2.325277937,4.970868193
10/1/2006,59.93560606,2.262621212,16561.866,0.859449801,2.634560376,-0.065136737
1/1/2007,58.05907692,2.350846154,16611.69,0.300835667,1.57672497,-5.116956118
4/1/2007,64.96363636,2.996590909,16713.314,0.611761958,1.93437472,-3.9884495
7/1/2007,75.07424242,2.861772727,16809.587,0.576025796,2.368036077,2.664494599
10/1/2007,90.75606061,2.953378788,16915.191,0.628236732,2.133364682,24.10399547
1/1/2008,97.75107692,3.100876923,16843.003,-0.426764321,1.392471206,49.09605905
4/1/2008,123.8950769,3.732461538,16943.291,0.595428262,1.376010766,65.92572262
7/1/2008,118.6577273,3.861348485,16854.295,-0.525258051,0.265967272,218.274396
10/1/2008,58.22272727,2.330454545,16485.35,-2.189026595,-2.541153688,14.1065884
1/1/2009,42.95515625,1.879265625,16298.262,-1.134874297,-3.234227293,17.3322977
4/1/2009,59.51753846,2.3118,16269.145,-0.178650951,-3.978837405,13.05942709
7/1/2009,68.11348485,2.574969697,16326.281,0.351192395,-3.132815701,13.59692867
10/1/2009,76.02969697,2.603727273,16502.754,1.080913651,0.105572523,289.6987173
1/1/2010,78.72953125,2.710640625,16582.71,0.484500951,1.745265845,47.71942066
4/1/2010,77.86061538,2.808953846,16743.162,0.967586118,2.913595029,10.57786545
7/1/2010,75.9780303,2.723333333,16872.266,0.771084936,3.344209254,3.452606487
10/1/2010,85.2169697,2.879378788,16960.864,0.525110261,2.775960909,4.35301339
1/1/2011,93.84676923,3.265707692,16920.632,-0.237204897,2.0377972,9.422666563
4/1/2011,102.1487692,3.804107692,17035.114,0.676582293,1.743708865,17.88968517
7/1/2011,89.52742424,3.633166667,17031.313,-0.022312736,0.942653465,18.91819821
10/1/2011,93.90560606,3.374227273,17222.583,1.123049057,1.543075872,6.607516471
1/1/2012,102.7975758,3.581484848,17367.01,0.83859082,2.638069311,3.6154024
4/1/2012,93.54772727,3.740121212,17444.525,0.446334746,2.403335839,-3.503510837
7/1/2012,92.0580303,3.648742424,17469.65,0.144027997,2.573712314,1.098268313
10/1/2012,88.00030303,3.518833333,17489.852,0.115640554,1.551852007,-4.052288584
1/1/2013,94.3775,3.549796875,17662.4,0.986560664,1.700868486,-4.815732904
4/1/2013,94.04569231,3.601076923,17709.671,0.267636335,1.519938204,0.350218979
7/1/2013,105.8037879,3.573636364,17860.45,0.851393569,2.237022493,6.674775312
10/1/2013,97.435,3.293136364,18016.147,0.871741753,3.00914496,3.56287576
1/1/2014,98.62203125,3.39659375,17953.974,-0.345095985,1.650817556,2.724345524
4/1/2014,103.3875385,3.668615385,18185.911,1.291842129,2.689152159,3.69384295
7/1/2014,97.97393939,3.513090909,18406.941,1.215391409,3.059782928,-2.418585945
10/1/2014,72.95333333,2.889151515,18500.031,0.505733136,2.685835101,-9.355061473
1/1/2015,48.628125,2.2731875,18666.621,0.900484978,3.969299499,-12.77112804
4/1/2015,57.73615385,2.657323077,18782.243,0.619405087,3.279087861,-13.46581692
7/1/2015,46.63727273,2.618772727,18857.418,0.400245061,2.447321366,-21.4104647
10/1/2015,41.86030303,2.168333333,18892.206,0.184479126,2.119861313,-20.10529551
1/1/2016,33.36153846,1.883123077,19001.69,0.579519406,1.795016891,-17.48984174
4/1/2016,45.52061538,2.246261538,19062.709,0.321124068,1.493250833,-14.1687651
7/1/2016,44.9080303,2.210893939,19197.938,0.709390255,1.805761531,-2.053346958
10/1/2016,49.12106061,2.229909091,19304.352,0.554299113,2.181566303,7.950805912
1/1/2017,51.72409091,2.327484848,19398.343,0.48689021,2.087461694,26.36747025
4/1/2017,48.24015152,2.384469697,19506.949,0.559872562,2.330413794,2.56362009
7/1/2017,48.07045455,2.428681818,19660.766,0.788524131,2.410821412,2.920996815
10/1/2017,55.29621212,2.515348485,19882.352,1.127046627,2.994143497,4.198626787
1/1/2018,62.90292308,2.575923077,20044.077,0.813409802,3.328810095,6.492538742
4/1/2018,68.01484848,2.839439394,20150.476,0.530825141,3.298962847,12.42578255
7/1/2018,69.82515152,2.8405,20276.154,0.623697425,3.130030641,14.45859925
10/1/2018,59.13075758,2.644257576,20304.874,0.141644219,2.125110751,3.26314926
1/1/2019,54.6646875,2.3519375,20431.641,0.624318082,1.933558727,-6.773388907
4/1/2019,59.92107692,2.791692308,20602.275,0.835145841,2.242125695,-5.307466383
7/1/2019,56.33909091,2.653893939,20843.322,1.170001857,2.797216869,-6.904736057
10/1/2019,56.93242424,2.594318182,20985.448,0.68187787,3.351776524,-1.109187706
1/1/2020,45.88461538,2.420738462,20709.212,-1.316321672,1.358535029,-11.8228008
4/1/2020,27.96769231,1.934584615,19077.992,-7.876784496,-7.398614959,7.207536173
7/1/2020,40.86863636,2.182787879,20558.879,7.762279175,-1.3646721,20.1217119
10/1/2020,42.70318182,2.149469697,20791.917,1.13351511,-0.922215242,27.10128017
1/1/2021,57.871875,2.55475,21082.134,1.395816461,1.800754176,14.50769394
4/1/2021,66.11507692,2.962953846,21440.929,1.701891279,12.38566931,11.01256931
7/1/2021,70.62939394,3.154121212,21617.828,0.82505287,5.150810995,14.1376824
10/1/2021,77.30530303,3.333106061,21988.737,1.715755163,5.756179192,14.0769375
1/1/2022,94.63984615,3.641369231,21932.71,-0.254798627,4.034582078,15.74720778
4/1/2022,108.9090769,4.479984615,21967.045,0.156547002,2.45379293,26.37815792
7/1/2022,93.23772727,4.082378788,22125.625,0.721899555,2.348973264,13.62714868
10/1/2022,82.62151515,3.590772727,22278.345,0.690240389,1.317074282,5.221349264
1/1/2023,76.12424242,3.375545455,22439.607,0.723850896,2.311146229,-8.465184483
4/1/2023,73.63560606,3.572287879,22580.499,0.627871959,2.792610476,-11.59775034
7/1/2023,81.93424242,3.742590909,22840.989,1.153606039,3.233192283,-3.749636294
10/1/2023,78.63878788,3.381772727,23033.78,0.844057147,3.390893713,-1.421586321
1/1/2024,77.47969231,3.225,23082.119,0.209861343,2.863294353,0.621862666
4/1/2024,81.76784615,3.560538462,23286.508,0.885486294,3.126631524,3.532202749
7/1/2024,76.53136364,3.371348485,23478.57,0.824778022,2.791389637,-2.362323226
10/1/2024,70.78636364,3.074742424,23586.542,0.459874686,2.399788485,-4.160964201
1/1/2025,71.9225,3.089140625,23548.21,-0.162516404,2.019273014,-3.551996239
4/1/2025,64.72338462,3.156492308,23770.976,0.945999717,2.080466509,-10.0193604
7/1/2025,65.79363636,3.145257576,24026.834,1.076346213,2.335167772,-6.008344547
10/1/2025,59.61227273,3.00419697,24055.749,0.120344611,1.989299661,-7.935282436
1/1/2026,72.13359375,3.108,24180.419,0.518254493,2.684743341,0.109322065
4/1/2026,95.75707692,4.205415385,24270.599,0.372946391,2.101819463,22.8127069
7/1/2026,79.02473684,3.881789474,,,,
